INSERT INTO PUBLIC.PROFILE (ID, NAME, EMAIL, DATE_OF_BIRTH) VALUES(10001, 'João Silva', 'joao@example.com', '1990-05-10')
INSERT INTO PUBLIC.PROFILE (ID, NAME, EMAIL, DATE_OF_BIRTH) VALUES(10002, 'Maria Oliveira', 'maria@example.com', '1985-08-20')
INSERT INTO PUBLIC.PROFILE (ID, NAME, EMAIL, DATE_OF_BIRTH) VALUES(10003, 'José Santos', 'jose@example.com', '1978-12-15')
INSERT INTO PUBLIC.PROFILE (ID, NAME, EMAIL, DATE_OF_BIRTH) VALUES(10004, 'Ana Pereira', 'ana@example.com', '1995-03-25')
INSERT INTO PUBLIC.ADDRESS (ID, ID_PROFILE, NEIGHBORHOOD, STREET, NUMBER, CEP) VALUES (1, 10001, 'Central', 'Main St', 123, '12345-678');
INSERT INTO PUBLIC.ADDRESS (ID, ID_PROFILE, NEIGHBORHOOD, STREET, NUMBER, CEP) VALUES (2, 10001, 'Downtown', 'Elm St', 456, '98765-432');
INSERT INTO PUBLIC.ADDRESS (ID, ID_PROFILE, NEIGHBORHOOD, STREET, NUMBER, CEP) VALUES (3, 10001, 'Suburbia', 'Oak Ave', 789, '54321-876');
INSERT INTO PUBLIC.ADDRESS (ID, ID_PROFILE, NEIGHBORHOOD, STREET, NUMBER, CEP) VALUES (4, 10002, 'Rural', 'Farm Rd', 1011, '24680-135');
INSERT INTO PUBLIC.ADDRESS (ID, ID_PROFILE, NEIGHBORHOOD, STREET, NUMBER, CEP) VALUES (5, 10002, 'Urban', 'City Blvd', 1213, '97531-864');
INSERT INTO PUBLIC.ADDRESS (ID, ID_PROFILE, NEIGHBORHOOD, STREET, NUMBER, CEP) VALUES (6, 10003, 'Beachside', 'Wave St', 1415, '36987-258');
INSERT INTO PUBLIC.ADDRESS (ID, ID_PROFILE, NEIGHBORHOOD, STREET, NUMBER, CEP) VALUES (7, 10003, 'Mountain View', 'Peak Rd', 1617, '75319-642');
INSERT INTO PUBLIC.ADDRESS (ID, ID_PROFILE, NEIGHBORHOOD, STREET, NUMBER, CEP) VALUES (8, 10004, 'Lakeside', 'Waterfront Dr', 1819, '82467-531');
INSERT INTO PUBLIC.SETTINGS (ID, ID_PROFILE, LANGUAGE, APPAPPEARANCE, NOTIFICATION, ADS) VALUES (1, 10001, 'Portuguese', 'Dark', 'On', 'On');
INSERT INTO PUBLIC.SETTINGS (ID, ID_PROFILE, LANGUAGE, APPAPPEARANCE, NOTIFICATION, ADS) VALUES (2, 10002, 'Chinese', 'Light', 'Off', 'On');
INSERT INTO PUBLIC.SETTINGS (ID, ID_PROFILE, LANGUAGE, APPAPPEARANCE, NOTIFICATION, ADS) VALUES (3, 10003, 'English', 'Dark', 'On', 'On');
INSERT INTO PUBLIC.SETTINGS (ID, ID_PROFILE, LANGUAGE, APPAPPEARANCE, NOTIFICATION, ADS) VALUES (4, 10004, 'Spanish', 'Light', 'Off', 'Off');