INSERT INTO PUBLIC.USER (ID, NAME, EMAIL, DATE_OF_BIRTH) VALUES(10001, 'João Silva', 'joao@example.com', '1990-05-10')
INSERT INTO PUBLIC.USER (ID, NAME, EMAIL, DATE_OF_BIRTH) VALUES(10002, 'Maria Oliveira', 'maria@example.com', '1985-08-20')
INSERT INTO PUBLIC.USER (ID, NAME, EMAIL, DATE_OF_BIRTH) VALUES(10003, 'José Santos', 'jose@example.com', '1978-12-15')
INSERT INTO PUBLIC.USER (ID, NAME, EMAIL, DATE_OF_BIRTH) VALUES(10004, 'Ana Pereira', 'ana@example.com', '1995-03-25')
INSERT INTO PUBLIC.ADDRESS (ID, ID_USER, NEIGHBORHOOD, STREET, NUMBER, ZIP_CODE) VALUES (1, 10001, 'Central', 'Main St', 123, '12345-678');
INSERT INTO PUBLIC.ADDRESS (ID, ID_USER, NEIGHBORHOOD, STREET, NUMBER, ZIP_CODE) VALUES (2, 10001, 'Downtown', 'Elm St', 456, '98765-432');
INSERT INTO PUBLIC.ADDRESS (ID, ID_USER, NEIGHBORHOOD, STREET, NUMBER, ZIP_CODE) VALUES (3, 10001, 'Suburbia', 'Oak Ave', 789, '54321-876');
INSERT INTO PUBLIC.ADDRESS (ID, ID_USER, NEIGHBORHOOD, STREET, NUMBER, ZIP_CODE) VALUES (4, 10002, 'Rural', 'Farm Rd', 1011, '24680-135');
INSERT INTO PUBLIC.ADDRESS (ID, ID_USER, NEIGHBORHOOD, STREET, NUMBER, ZIP_CODE) VALUES (5, 10002, 'Urban', 'City Blvd', 1213, '97531-864');
INSERT INTO PUBLIC.ADDRESS (ID, ID_USER, NEIGHBORHOOD, STREET, NUMBER, ZIP_CODE) VALUES (6, 10003, 'Beachside', 'Wave St', 1415, '36987-258');
INSERT INTO PUBLIC.ADDRESS (ID, ID_USER, NEIGHBORHOOD, STREET, NUMBER, ZIP_CODE) VALUES (7, 10003, 'Mountain View', 'Peak Rd', 1617, '75319-642');
INSERT INTO PUBLIC.ADDRESS (ID, ID_USER, NEIGHBORHOOD, STREET, NUMBER, ZIP_CODE) VALUES (8, 10004, 'Lakeside', 'Waterfront Dr', 1819, '82467-531');
INSERT INTO PUBLIC.PAYMENT (ID, ID_USER, CARD_NAME, CARD_NUMBER, CVV, CARD_EXPIRATION_DATE) VALUES (1, 10001, 'João Silva', '1234567812345678', '123', '12/25');
INSERT INTO PUBLIC.PAYMENT (ID, ID_USER, CARD_NAME, CARD_NUMBER, CVV, CARD_EXPIRATION_DATE) VALUES (2, 10001, 'João Silva', '2345678923456789', '234', '01/26');
INSERT INTO PUBLIC.PAYMENT (ID, ID_USER, CARD_NAME, CARD_NUMBER, CVV, CARD_EXPIRATION_DATE) VALUES (3, 10002, 'Maria Oliveira', '3456789034567890', '345', '03/27');
INSERT INTO PUBLIC.PAYMENT (ID, ID_USER, CARD_NAME, CARD_NUMBER, CVV, CARD_EXPIRATION_DATE) VALUES (4, 10002, 'Maria Oliveira', '4567890145678901', '456', '05/28');
INSERT INTO PUBLIC.PAYMENT (ID, ID_USER, CARD_NAME, CARD_NUMBER, CVV, CARD_EXPIRATION_DATE) VALUES (5, 10003, 'José Santos', '5678901256789012', '567', '07/29');
INSERT INTO PUBLIC.PAYMENT (ID, ID_USER, CARD_NAME, CARD_NUMBER, CVV, CARD_EXPIRATION_DATE) VALUES (6, 10004, 'Ana Pereira', '6789012367890123', '678', '09/30');
INSERT INTO PUBLIC.PAYMENT (ID, ID_USER, CARD_NAME, CARD_NUMBER, CVV, CARD_EXPIRATION_DATE) VALUES (7, 10004, 'Ana Pereira', '7890123478901234', '789', '11/31');
INSERT INTO PUBLIC.PAYMENT (ID, ID_USER, CARD_NAME, CARD_NUMBER, CVV, CARD_EXPIRATION_DATE) VALUES (8, 10004, 'Ana Pereira', '8901234589012345', '890', '01/32');
