INSERT INTO PUBLIC.PAYMENT_METHOD (ID, NAME, PAYMENT_TYPE) VALUES ('c4bf5210-7d5c-4984-9a2f-b90f69e32a41', 'Cartão de Crédito', 0);
INSERT INTO PUBLIC.PAYMENT_METHOD (ID, NAME, PAYMENT_TYPE) VALUES ('93d35000-8ddb-40a9-a4d8-66785e07767c', 'PIX', 1);

INSERT INTO PUBLIC.INVOICE (ID, AMOUNT, PAYMENT_METHOD_ID, PAYMENT_STATUS, INVOICE_TYPE, USER_NAME, DRIVER_NAME, RIDE_DATE) VALUES ('e23c148a-5a7e-489b-b458-30d2b0f716aa', 900.00, 'c4bf5210-7d5c-4984-9a2f-b90f69e32a41', 2, 0, 'neymarjr', 'NEYMAR JUNIOR', '2023-05-13');
INSERT INTO PUBLIC.INVOICE (ID, AMOUNT, PAYMENT_METHOD_ID, PAYMENT_STATUS, INVOICE_TYPE, USER_NAME, DRIVER_NAME, RIDE_DATE) VALUES ('3c630aba-3d04-42c5-8759-5b1936c7ea20', 1200.00, 'c4bf5210-7d5c-4984-9a2f-b90f69e32a41', 2, 0, 'messi10', 'LIONEL MESSI', '2023-04-21');
INSERT INTO PUBLIC.INVOICE (ID, AMOUNT, PAYMENT_METHOD_ID, PAYMENT_STATUS, INVOICE_TYPE, USER_NAME, DRIVER_NAME, RIDE_DATE) VALUES ('4a76fe76-47e0-4214-8b89-39d4d28c7506', 750.50, 'c4bf5210-7d5c-4984-9a2f-b90f69e32a41', 1, 1, 'ronaldo7', 'CRISTIANO RONALDO', '2023-06-15');
INSERT INTO PUBLIC.INVOICE (ID, AMOUNT, PAYMENT_METHOD_ID, PAYMENT_STATUS, INVOICE_TYPE, USER_NAME, DRIVER_NAME, RIDE_DATE) VALUES ('026e6ddb-e7dc-4720-b96e-33e183138dda', 560.00, '93d35000-8ddb-40a9-a4d8-66785e07767c', 3, 0, 'lewandowski9', 'ROBERT LEWANDOWSKI', '2023-07-02');
INSERT INTO PUBLIC.INVOICE (ID, AMOUNT, PAYMENT_METHOD_ID, PAYMENT_STATUS, INVOICE_TYPE, USER_NAME, DRIVER_NAME, RIDE_DATE) VALUES ('4dd6777d-dd31-4703-9d5e-17be39b3530a', 1300.00, 'c4bf5210-7d5c-4984-9a2f-b90f69e32a41', 0, 1, 'mbappe7', 'KYLIAN MBAPPE', '2023-08-09');

INSERT INTO PUBLIC.CREDIT_CARD (ID, NAME, USER_NAME, NUMBER, HOLDER, VALIDATION_DATE, CODE) VALUES ('580e5a8b-7b1d-429c-a073-15e59d463f6d', 'Caio Cesar', 'Principal', '1225532342473254', 'Caio Cesar', '11/30', '302');
INSERT INTO PUBLIC.CREDIT_CARD (ID, NAME, USER_NAME, NUMBER, HOLDER, VALIDATION_DATE, CODE) VALUES ('58ed922c-28c9-48c5-b4bf-1545fc39aef6', 'Raphael Ribeiro', 'Cartão Principal', '3245562342473254', 'Raphael Ribeiro I V', '08/31', '352');
INSERT INTO PUBLIC.CREDIT_CARD (ID, NAME, USER_NAME, NUMBER, HOLDER, VALIDATION_DATE, CODE) VALUES ('b3cdaec3-cd9e-44ca-a744-4e5dd33eb9b0', 'Maria Silva', 'Cartão Pessoal', '4024007197898145', 'Maria Oliveira Silva', '09/27', '123');
INSERT INTO PUBLIC.CREDIT_CARD (ID, NAME, USER_NAME, NUMBER, HOLDER, VALIDATION_DATE, CODE) VALUES ('8ac1d7dd-c730-468f-9b9e-92b582f28fe7', 'Wamberg Nascimento', 'Pessoal', '8245562342446254', 'Wamberg Geraldo do Nascimento', '06/33', '367');
INSERT INTO PUBLIC.CREDIT_CARD (ID, NAME, USER_NAME, NUMBER, HOLDER, VALIDATION_DATE, CODE) VALUES ('945d8660-b62f-4f33-a243-ec188c9b280c', 'Maria Silva', '5534338767531227', 'Cartão da Empresa', 'Maria Oliveira Silva', '04/28', '789');

INSERT INTO PUBLIC.PAYMENT  (ID, AMOUNT, USER_NAME, PAYMENT_STATUS, PAYMENT_DATE, PAYMENT_METHOD_ID) VALUES ('792230a3-404d-4d67-be81-f6ca4d374339', 97.42, 'Maria Silva', 2, '2023-12-15', 'c4bf5210-7d5c-4984-9a2f-b90f69e32a41');
INSERT INTO PUBLIC.PAYMENT  (ID, AMOUNT, USER_NAME, PAYMENT_STATUS, PAYMENT_DATE, PAYMENT_METHOD_ID) VALUES ('3169901b-3126-4bef-bc5e-253bf2853c23', 34.21, 'Raphael Ribeiro', 3, '2023-05-28', 'c4bf5210-7d5c-4984-9a2f-b90f69e32a41');
INSERT INTO PUBLIC.PAYMENT  (ID, AMOUNT, USER_NAME, PAYMENT_STATUS, PAYMENT_DATE, PAYMENT_METHOD_ID) VALUES ('a2a1dbcf-4fd0-423c-8ee5-884ea0ce0522', 23.19, 'Maria Silva', 3, '2023-02-20', 'c4bf5210-7d5c-4984-9a2f-b90f69e32a41');
INSERT INTO PUBLIC.PAYMENT  (ID, AMOUNT, USER_NAME, PAYMENT_STATUS, PAYMENT_DATE, PAYMENT_METHOD_ID) VALUES ('50d1748c-f5a4-4e89-ba62-c3d847f85193', 8.90, 'Caio Cesar', 2, '2023-08-12', '93d35000-8ddb-40a9-a4d8-66785e07767c');
INSERT INTO PUBLIC.PAYMENT  (ID, AMOUNT, USER_NAME, PAYMENT_STATUS, PAYMENT_DATE, PAYMENT_METHOD_ID) VALUES ('a1b8ee76-566e-441d-8b99-a4a8d301bff1', 12.85, 'Wamberg Nascimento', 2, '2023-07-09', '93d35000-8ddb-40a9-a4d8-66785e07767c');